termLink,isDeprecated
http://eurovoc.europa.eu/1,true
http://eurovoc.europa.eu/4693,true
http://eurovoc.europa.eu/3726,true
http://eurovoc.europa.eu/1020,true
http://eurovoc.europa.eu/1096,true
http://eurovoc.europa.eu/1097,true
http://eurovoc.europa.eu/2074,true
http://eurovoc.europa.eu/232,true
http://eurovoc.europa.eu/3719,true
http://eurovoc.europa.eu/3752,true
http://eurovoc.europa.eu/4206,true
http://eurovoc.europa.eu/4296,true
http://eurovoc.europa.eu/4297,true
http://eurovoc.europa.eu/4659,true
http://eurovoc.europa.eu/4678,true
http://eurovoc.europa.eu/5027,true
http://eurovoc.europa.eu/4067,true
http://eurovoc.europa.eu/4590,true
http://eurovoc.europa.eu/4826,true
http://eurovoc.europa.eu/5051,true
http://eurovoc.europa.eu/5767,true
http://eurovoc.europa.eu/173556,true
http://eurovoc.europa.eu/334,true
http://eurovoc.europa.eu/4244,true
http://eurovoc.europa.eu/4459,true
http://eurovoc.europa.eu/495,true
http://eurovoc.europa.eu/1279,true
http://eurovoc.europa.eu/c_a18a0eda,true
http://eurovoc.europa.eu/174152,true
http://eurovoc.europa.eu/4150,true
http://eurovoc.europa.eu/5680,true
http://eurovoc.europa.eu/2103,true
http://eurovoc.europa.eu/5285,true
http://eurovoc.europa.eu/5286,true
http://eurovoc.europa.eu/4597,true
http://eurovoc.europa.eu/5366,true
http://eurovoc.europa.eu/119,true
http://eurovoc.europa.eu/6157,true
http://eurovoc.europa.eu/90,true
http://eurovoc.europa.eu/167883,true
http://eurovoc.europa.eu/3171,true
http://eurovoc.europa.eu/980,true
http://eurovoc.europa.eu/169622,true
http://eurovoc.europa.eu/4776,true
http://eurovoc.europa.eu/176287,true
http://eurovoc.europa.eu/171539,true
http://eurovoc.europa.eu/1765,true
http://eurovoc.europa.eu/3791,true
http://eurovoc.europa.eu/3889,true
http://eurovoc.europa.eu/174527,true
http://eurovoc.europa.eu/5402,true
http://eurovoc.europa.eu/173124,true
http://eurovoc.europa.eu/5544,true
http://eurovoc.europa.eu/131546,true
http://eurovoc.europa.eu/170059,true
http://eurovoc.europa.eu/6015,true
http://eurovoc.europa.eu/172388,true
http://eurovoc.europa.eu/6055,true
http://eurovoc.europa.eu/4035,true
http://eurovoc.europa.eu/8462,true
http://eurovoc.europa.eu/4020,true
http://eurovoc.europa.eu/4022,true
http://eurovoc.europa.eu/4014,true
http://eurovoc.europa.eu/4015,true
http://eurovoc.europa.eu/4457,true
http://eurovoc.europa.eu/1293,true
http://eurovoc.europa.eu/1297,true
http://eurovoc.europa.eu/5931,true
http://eurovoc.europa.eu/4070,true
http://eurovoc.europa.eu/5452,true
http://eurovoc.europa.eu/2164,true
http://eurovoc.europa.eu/5425,true
http://eurovoc.europa.eu/5641,true
http://eurovoc.europa.eu/5758,true
http://eurovoc.europa.eu/6248,true
http://eurovoc.europa.eu/6250,true
http://eurovoc.europa.eu/4065,true
http://eurovoc.europa.eu/4066,true
http://eurovoc.europa.eu/7194,true
http://eurovoc.europa.eu/8474,true
http://eurovoc.europa.eu/3388,true
http://eurovoc.europa.eu/168859,true
http://eurovoc.europa.eu/979,true
http://eurovoc.europa.eu/170184,true
http://eurovoc.europa.eu/171416,true
http://eurovoc.europa.eu/3716,true
http://eurovoc.europa.eu/2346,true
http://eurovoc.europa.eu/2347,true
http://eurovoc.europa.eu/2348,true
http://eurovoc.europa.eu/173498,true
http://eurovoc.europa.eu/452085,true
http://eurovoc.europa.eu/5668,true
http://eurovoc.europa.eu/173338,true
http://eurovoc.europa.eu/173612,true
http://eurovoc.europa.eu/174115,true
http://eurovoc.europa.eu/107994,true
http://eurovoc.europa.eu/1121,true
http://eurovoc.europa.eu/2899,true
http://eurovoc.europa.eu/4154,true
http://eurovoc.europa.eu/4523,true
http://eurovoc.europa.eu/4592,true
http://eurovoc.europa.eu/503,true
http://eurovoc.europa.eu/727,true
http://eurovoc.europa.eu/167477,true
http://eurovoc.europa.eu/173552,true
http://eurovoc.europa.eu/173567,true
http://eurovoc.europa.eu/173639,true
http://eurovoc.europa.eu/116829,true
http://eurovoc.europa.eu/16,true
http://eurovoc.europa.eu/3423,true
http://eurovoc.europa.eu/148855,true
http://eurovoc.europa.eu/163241,true
http://eurovoc.europa.eu/179062,true
http://eurovoc.europa.eu/192791,true
http://eurovoc.europa.eu/207101,true
http://eurovoc.europa.eu/236427,true
http://eurovoc.europa.eu/260463,true
http://eurovoc.europa.eu/304234,true
http://eurovoc.europa.eu/312327,true
http://eurovoc.europa.eu/360902,true
http://eurovoc.europa.eu/181,true
http://eurovoc.europa.eu/5434,true
http://eurovoc.europa.eu/5435,true
http://eurovoc.europa.eu/169025,true
http://eurovoc.europa.eu/170204,true
http://eurovoc.europa.eu/132969,true
http://eurovoc.europa.eu/170968,true
http://eurovoc.europa.eu/177861,true
http://eurovoc.europa.eu/178995,true
http://eurovoc.europa.eu/5734,true
http://eurovoc.europa.eu/4124,true
http://eurovoc.europa.eu/169418,true
http://eurovoc.europa.eu/169943,true
http://eurovoc.europa.eu/168577,true
http://eurovoc.europa.eu/152388,true
http://eurovoc.europa.eu/1627,true
http://eurovoc.europa.eu/166608,true
http://eurovoc.europa.eu/173340,true
http://eurovoc.europa.eu/168449,true
http://eurovoc.europa.eu/168699,true
http://eurovoc.europa.eu/168820,true
http://eurovoc.europa.eu/169003,true
http://eurovoc.europa.eu/169160,true
http://eurovoc.europa.eu/169193,true
http://eurovoc.europa.eu/169248,true
http://eurovoc.europa.eu/169287,true
http://eurovoc.europa.eu/169423,true
http://eurovoc.europa.eu/169732,true
http://eurovoc.europa.eu/xl_de_0bd1a752,true
http://eurovoc.europa.eu/170712,true
http://eurovoc.europa.eu/170880,true
http://eurovoc.europa.eu/171278,true
http://eurovoc.europa.eu/171316,true
http://eurovoc.europa.eu/171390,true
http://eurovoc.europa.eu/171962,true
http://eurovoc.europa.eu/172139,true
http://eurovoc.europa.eu/172347,true
http://eurovoc.europa.eu/173171,true
http://eurovoc.europa.eu/173241,true
http://eurovoc.europa.eu/173313,true
http://eurovoc.europa.eu/173389,true
http://eurovoc.europa.eu/173470,true
http://eurovoc.europa.eu/173671,true
http://eurovoc.europa.eu/173883,true
http://eurovoc.europa.eu/174094,true
http://eurovoc.europa.eu/174127,true
http://eurovoc.europa.eu/174606,true
http://eurovoc.europa.eu/174656,true
http://eurovoc.europa.eu/174759,true
http://eurovoc.europa.eu/174916,true
http://eurovoc.europa.eu/174962,true
http://eurovoc.europa.eu/175038,true
http://eurovoc.europa.eu/175424,true
http://eurovoc.europa.eu/175447,true
http://eurovoc.europa.eu/175618,true
http://eurovoc.europa.eu/176010,true
http://eurovoc.europa.eu/176654,true
http://eurovoc.europa.eu/177644,true
http://eurovoc.europa.eu/182281,true
http://eurovoc.europa.eu/4603,true
http://eurovoc.europa.eu/195964,true
http://eurovoc.europa.eu/3787,true
http://eurovoc.europa.eu/3812,true
http://eurovoc.europa.eu/5022,true
http://eurovoc.europa.eu/210451,true
http://eurovoc.europa.eu/5131,true
http://eurovoc.europa.eu/225341,true
http://eurovoc.europa.eu/239130,true
http://eurovoc.europa.eu/247058,true
http://eurovoc.europa.eu/447824,true
http://eurovoc.europa.eu/447826,true
http://eurovoc.europa.eu/447827,true
http://eurovoc.europa.eu/447832,true
http://eurovoc.europa.eu/447834,true
http://eurovoc.europa.eu/447836,true
http://eurovoc.europa.eu/447837,true
http://eurovoc.europa.eu/447841,true
http://eurovoc.europa.eu/447844,true
http://eurovoc.europa.eu/447845,true
http://eurovoc.europa.eu/447848,true
http://eurovoc.europa.eu/447850,true
http://eurovoc.europa.eu/447852,true
http://eurovoc.europa.eu/447854,true
http://eurovoc.europa.eu/447855,true
http://eurovoc.europa.eu/447857,true
http://eurovoc.europa.eu/447859,true
http://eurovoc.europa.eu/447862,true
http://eurovoc.europa.eu/447864,true
http://eurovoc.europa.eu/447866,true
http://eurovoc.europa.eu/447868,true
http://eurovoc.europa.eu/447915,true
http://eurovoc.europa.eu/447916,true
http://eurovoc.europa.eu/447918,true
http://eurovoc.europa.eu/263778,true
http://eurovoc.europa.eu/277356,true
http://eurovoc.europa.eu/5815,true
http://eurovoc.europa.eu/291795,true
http://eurovoc.europa.eu/306862,true
http://eurovoc.europa.eu/315162,true
http://eurovoc.europa.eu/328894,true
http://eurovoc.europa.eu/337518,true
http://eurovoc.europa.eu/351342,true
http://eurovoc.europa.eu/363931,true
http://eurovoc.europa.eu/376730,true
http://eurovoc.europa.eu/385301,true
http://eurovoc.europa.eu/398461,true
http://eurovoc.europa.eu/412529,true
http://eurovoc.europa.eu/xl_de_676f7c17,true
http://eurovoc.europa.eu/5567,true
